date,ગુજરાતી મહિનો,તિથી,તહેવાર/જન્મદિવસ,તહેવાર(પ્રકાર),SUNRISE TIME,SUNSET TIME
2025/10/22,કારતક,સુદ-૧,બેસતુ વર્ષ,તહેવાર,06:47:00,18:05:00
2025/10/23,કારતક,સુદ-ર,,,06:47:00,18:05:00
2025/10/24,કારતક,સુદ-૩,,,06:47:00,18:05:00
2025/10/25,કારતક,સુદ-૪,,,06:47:00,18:05:00
2025/10/26,કારતક,સુદ-પ,,,06:47:00,18:05:00
